n: 9, m: 2, runtime: 15.912105083465576, # of solutions: 19, function1: 28.569209171472874, function2: 1.8081429077075057, best: [[6, 3, 4, 1, 5, 2, 7, 8, 5], [6, 3, 4, 1, 5, 2, 7, 8, 5], [6, 3, 4, 1, 5, 2, 7, 8, 5], [6, 3, 4, 1, 5, 2, 7, 8, 5], [6, 3, 4, 1, 5, 2, 7, 8, 5], [6, 3, 4, 1, 5, 2, 7, 8, 5], [6, 3, 4, 1, 5, 2, 7, 8, 5], [6, 3, 4, 1, 5, 2, 7, 8, 5], [6, 3, 4, 1, 5, 2, 7, 8, 5], [6, 3, 4, 1, 5, 2, 7, 8, 5], [5, 1, 4, 3, 6, 2, 7, 8, 5], [6, 3, 4, 1, 5, 2, 7, 8, 5], [6, 3, 4, 1, 5, 2, 7, 8, 5], [6, 3, 4, 1, 5, 2, 7, 8, 5], [6, 3, 4, 1, 5, 2, 7, 8, 5], [6, 3, 4, 1, 5, 2, 7, 8, 5], [6, 3, 4, 1, 5, 2, 7, 8, 5], [6, 3, 4, 1, 5, 2, 7, 8, 5], [6, 3, 4, 1, 5, 2, 7, 8, 5]]
n: 9, m: 3, runtime: 16.378478050231934, # of solutions: 8, function1: 36.23247720717256, function2: 3.0503762291126435, best: [[7, 8, 1, 4, 2, 5, 3, 6, 2, 4], [7, 8, 4, 1, 2, 5, 3, 6, 2, 4], [8, 7, 4, 1, 2, 5, 3, 6, 2, 4], [7, 8, 1, 4, 2, 5, 3, 6, 2, 4], [7, 8, 1, 4, 2, 5, 3, 6, 2, 4], [8, 7, 4, 1, 2, 5, 3, 6, 4, 1], [8, 7, 4, 1, 2, 5, 3, 6, 2, 4], [7, 8, 4, 1, 2, 5, 3, 6, 2, 4]]
n: 10, m: 2, runtime: 16.441657304763794, # of solutions: 17, function1: 29.255517170964087, function2: 1.121834908216293, best: [[6, 3, 4, 1, 5, 2, 8, 9, 7, 5], [6, 3, 4, 1, 5, 2, 8, 9, 7, 5], [6, 3, 4, 1, 5, 2, 8, 9, 7, 5], [6, 3, 4, 1, 5, 2, 8, 9, 7, 5], [6, 3, 4, 1, 5, 2, 8, 9, 7, 5], [6, 3, 4, 1, 5, 2, 8, 9, 7, 5], [6, 3, 4, 1, 5, 2, 8, 9, 7, 5], [6, 3, 4, 1, 5, 2, 8, 9, 7, 5], [6, 3, 4, 1, 5, 2, 8, 9, 7, 5], [6, 3, 4, 1, 5, 2, 8, 9, 7, 5], [6, 3, 4, 1, 5, 2, 8, 9, 7, 5], [6, 3, 4, 1, 5, 2, 8, 9, 7, 5], [6, 3, 4, 1, 5, 2, 8, 9, 7, 5], [6, 3, 4, 1, 5, 2, 8, 9, 7, 5], [6, 3, 4, 1, 5, 2, 8, 9, 7, 5], [6, 3, 4, 1, 5, 2, 8, 9, 7, 5], [6, 3, 4, 1, 5, 2, 8, 9, 7, 5]]
n: 10, m: 3, runtime: 17.20470905303955, # of solutions: 5, function1: 37.07948574077837, function2: 2.203367695506838, best: [[1, 4, 2, 5, 3, 6, 9, 8, 7, 2, 6], [9, 8, 7, 2, 5, 3, 6, 1, 4, 7, 2], [2, 5, 3, 6, 1, 4, 9, 8, 7, 6, 3], [9, 8, 7, 2, 5, 3, 6, 1, 4, 7, 2], [9, 8, 7, 2, 5, 3, 6, 1, 4, 3, 7]]
n: 11, m: 2, runtime: 17.555275917053223, # of solutions: 20, function1: 33.271385345698356, function2: 0.08388393660634819, best: [[3, 6, 1, 4, 5, 2, 8, 7, 9, 10, 6], [6, 3, 1, 4, 5, 2, 8, 7, 9, 10, 6], [8, 7, 9, 10, 6, 3, 1, 4, 5, 2, 4], [8, 7, 9, 10, 6, 3, 1, 4, 5, 2, 4], [8, 7, 9, 10, 3, 6, 1, 4, 5, 2, 4], [3, 6, 1, 4, 5, 2, 8, 7, 9, 10, 6], [3, 6, 1, 4, 5, 2, 8, 7, 9, 10, 6], [8, 7, 9, 10, 3, 6, 1, 4, 5, 2, 4], [6, 3, 1, 4, 5, 2, 8, 7, 9, 10, 6], [8, 7, 9, 10, 3, 6, 1, 4, 5, 2, 4], [6, 3, 1, 4, 5, 2, 8, 7, 9, 10, 6], [6, 3, 1, 4, 5, 2, 8, 7, 9, 10, 6], [8, 7, 9, 10, 3, 6, 1, 4, 5, 2, 4], [6, 3, 1, 4, 5, 2, 8, 7, 9, 10, 6], [3, 6, 1, 4, 5, 2, 8, 7, 9, 10, 6], [3, 6, 1, 4, 5, 2, 8, 7, 9, 10, 6], [8, 7, 9, 10, 6, 3, 1, 4, 5, 2, 4], [8, 7, 9, 10, 3, 6, 1, 4, 5, 2, 4], [3, 6, 1, 4, 5, 2, 8, 7, 9, 10, 6], [3, 6, 1, 4, 5, 2, 8, 7, 9, 10, 6]]
n: 11, m: 3, runtime: 18.754173755645752, # of solutions: 5, function1: 39.75069218461796, function2: 4.192185664625553, best: [[8, 7, 9, 2, 5, 1, 4, 3, 6, 10, 4, 9], [8, 7, 9, 2, 5, 1, 4, 3, 6, 10, 4, 9], [5, 1, 4, 3, 6, 10, 2, 9, 8, 7, 7, 4], [10, 2, 9, 8, 7, 6, 3, 4, 1, 5, 2, 5], [6, 3, 4, 1, 5, 2, 10, 9, 8, 7, 5, 7]]
n: 20, m: 2, runtime: 26.533207654953003, # of solutions: 1, function1: 42.36387783642769, function2: 0.30468276263334815, best: [[10, 12, 6, 18, 3, 4, 11, 1, 19, 5, 2, 13, 17, 9, 8, 7, 14, 15, 16, 11]]
n: 20, m: 3, runtime: 27.561014413833618, # of solutions: 2, function1: 48.7123011610267, function2: 1.024805422967841, best: [[8, 9, 7, 14, 15, 16, 13, 2, 5, 19, 1, 4, 11, 3, 18, 6, 12, 17, 10, 16, 5], [8, 9, 7, 14, 15, 16, 13, 2, 5, 19, 1, 4, 11, 3, 18, 6, 12, 17, 10, 16, 5]]
n: 30, m: 2, runtime: 36.171640396118164, # of solutions: 1, function1: 50.68337293987549, function2: 0.16039754906316617, best: [[25, 22, 6, 11, 4, 1, 3, 18, 12, 17, 26, 20, 21, 5, 19, 2, 24, 13, 27, 28, 10, 23, 9, 8, 29, 7, 14, 15, 16, 17]]
n: 30, m: 3, runtime: 37.22198438644409, # of solutions: 1, function1: 53.68010538900663, function2: 2.301182942479194, best: [[16, 15, 14, 7, 29, 8, 9, 23, 27, 26, 20, 25, 22, 6, 3, 18, 11, 4, 1, 19, 5, 21, 2, 24, 13, 28, 17, 12, 10, 9, 23]]
n: 60, m: 2, runtime: 66.70789766311646, # of solutions: 3, function1: 72.93697235054707, function2: 0.209573859703454, best: [[29, 8, 9, 23, 32, 42, 37, 31, 10, 44, 48, 36, 57, 49, 25, 12, 47, 22, 6, 3, 18, 4, 11, 55, 1, 20, 26, 46, 33, 17, 56, 28, 40, 59, 27, 54, 53, 35, 24, 13, 2, 21, 5, 43, 19, 30, 51, 50, 58, 45, 38, 41, 15, 16, 52, 34, 39, 14, 7, 34], [27, 54, 53, 35, 24, 13, 2, 21, 5, 43, 19, 30, 58, 51, 50, 45, 38, 41, 29, 7, 14, 39, 34, 52, 15, 16, 8, 9, 23, 42, 32, 37, 31, 10, 44, 48, 36, 57, 49, 25, 12, 47, 22, 6, 3, 18, 4, 11, 55, 1, 20, 26, 46, 33, 17, 28, 56, 40, 59, 26], [9, 8, 23, 42, 32, 37, 31, 10, 44, 48, 36, 57, 49, 25, 12, 47, 22, 6, 3, 18, 4, 11, 55, 1, 20, 26, 46, 33, 17, 56, 28, 40, 59, 27, 54, 53, 35, 24, 13, 2, 21, 5, 43, 19, 30, 51, 50, 58, 45, 38, 41, 15, 16, 34, 39, 14, 52, 29, 7, 34]]
n: 60, m: 10, runtime: 72.5766122341156, # of solutions: 5, function1: 106.07963631488744, function2: 20.21721106577489, best: [[45, 11, 55, 18, 3, 6, 22, 47, 12, 57, 49, 17, 33, 46, 26, 42, 32, 37, 23, 9, 8, 29, 7, 52, 14, 39, 34, 16, 15, 58, 51, 50, 41, 38, 4, 1, 19, 5, 43, 2, 35, 24, 21, 20, 25, 36, 48, 44, 10, 31, 28, 56, 40, 59, 27, 54, 53, 13, 30, 14, 21, 31, 38, 42, 55, 64, 66, 68], [40, 59, 45, 27, 38, 41, 50, 51, 58, 15, 16, 34, 39, 14, 52, 7, 29, 8, 9, 23, 37, 32, 42, 25, 49, 57, 12, 47, 22, 6, 3, 18, 55, 11, 4, 1, 19, 5, 43, 2, 35, 24, 21, 20, 26, 46, 33, 17, 36, 48, 44, 10, 31, 28, 56, 30, 54, 53, 13, 2, 10, 16, 23, 39, 44, 49, 55, 58], [13, 53, 54, 24, 35, 2, 21, 5, 43, 30, 19, 20, 26, 46, 33, 17, 49, 57, 12, 47, 22, 6, 3, 18, 25, 36, 48, 44, 10, 31, 28, 56, 40, 59, 27, 45, 38, 41, 50, 51, 58, 16, 15, 34, 39, 14, 52, 7, 29, 8, 32, 37, 23, 9, 42, 55, 11, 4, 1, 6, 10, 12, 30, 39, 49, 55, 67, 70], [20, 45, 58, 51, 50, 41, 38, 15, 16, 34, 39, 14, 52, 7, 29, 8, 9, 23, 37, 32, 42, 10, 31, 28, 56, 40, 59, 27, 13, 53, 54, 24, 35, 2, 21, 5, 43, 30, 19, 26, 46, 33, 17, 49, 57, 12, 47, 22, 6, 3, 18, 4, 11, 55, 1, 25, 36, 48, 44, 1, 45, 46, 28, 37, 32, 11, 21, 23], [13, 53, 54, 24, 35, 2, 21, 20, 25, 47, 22, 6, 56, 28, 31, 10, 44, 48, 36, 12, 57, 49, 17, 33, 46, 26, 30, 43, 5, 19, 1, 4, 11, 55, 18, 3, 40, 59, 27, 45, 38, 41, 50, 51, 58, 15, 16, 34, 39, 14, 52, 7, 29, 8, 9, 23, 37, 32, 42, 5, 7, 14, 24, 27, 38, 44, 54, 60]]
n: 60, m: 15, runtime: 75.5579981803894, # of solutions: 1, function1: 110.34697470508145, function2: 17.344924759279, best: [[9, 8, 29, 7, 14, 39, 34, 52, 16, 15, 50, 51, 58, 45, 27, 59, 40, 56, 28, 31, 37, 32, 42, 23, 38, 41, 13, 53, 54, 35, 24, 2, 30, 21, 43, 5, 19, 1, 4, 11, 55, 6, 3, 18, 47, 22, 25, 57, 12, 49, 20, 26, 46, 33, 17, 36, 48, 44, 10, 10, 21, 27, 30, 32, 37, 47, 51, 59, 61, 65, 67, 71, 81]]
n: 60, m: 20, runtime: 78.94431924819946, # of solutions: 3, function1: 129.74719013211256, function2: 16.492158896958557, best: [[27, 59, 40, 56, 45, 38, 41, 58, 51, 50, 13, 54, 53, 16, 15, 52, 34, 39, 14, 7, 29, 9, 8, 23, 37, 32, 42, 31, 10, 44, 36, 48, 49, 57, 25, 12, 47, 22, 6, 3, 18, 11, 55, 4, 1, 20, 26, 46, 33, 17, 28, 2, 35, 24, 30, 43, 5, 19, 21, 9, 12, 14, 22, 27, 35, 38, 44, 51, 56, 62, 64, 68, 76, 82, 86, 88, 90, 92], [13, 54, 53, 16, 15, 38, 41, 35, 24, 2, 30, 43, 5, 21, 19, 20, 26, 46, 33, 17, 28, 56, 40, 59, 27, 45, 58, 50, 51, 52, 34, 39, 14, 29, 7, 9, 8, 23, 37, 32, 42, 31, 10, 44, 36, 48, 49, 57, 25, 22, 47, 12, 3, 18, 6, 11, 55, 4, 1, 23, 15, 47, 16, 55, 5, 9, 22, 39, 13, 10, 25, 20, 19, 17, 33, 21, 4, 6], [11, 55, 4, 1, 18, 3, 6, 22, 47, 12, 10, 44, 36, 49, 25, 57, 20, 26, 46, 33, 17, 48, 28, 56, 40, 59, 27, 45, 38, 41, 58, 51, 50, 13, 54, 53, 16, 15, 52, 34, 39, 14, 7, 29, 9, 8, 23, 37, 32, 42, 31, 2, 35, 24, 30, 43, 5, 19, 21, 4, 8, 11, 26, 29, 33, 35, 42, 49, 52, 59, 64, 66, 72, 76, 80, 82, 86, 89]]
n: 100, m: 2, runtime: 104.76620697975159, # of solutions: 3, function1: 77.27919790281415, function2: 1.292790225838644, best: [[13, 53, 54, 24, 35, 96, 30, 74, 5, 43, 19, 88, 1, 4, 11, 83, 55, 6, 3, 18, 22, 47, 12, 86, 57, 49, 36, 48, 44, 75, 10, 31, 95, 97, 28, 99, 56, 40, 84, 76, 59, 82, 66, 70, 67, 94, 27, 79, 72, 2, 21, 64, 78, 20, 61, 62, 73, 25, 17, 33, 60, 68, 46, 26, 98, 77, 45, 85, 63, 65, 38, 41, 92, 81, 8, 9, 29, 89, 7, 23, 80, 32, 37, 42, 34, 39, 14, 52, 15, 16, 91, 69, 58, 93, 50, 51, 90, 71, 87, 49], [58, 69, 91, 93, 50, 51, 90, 71, 87, 13, 54, 53, 24, 35, 96, 30, 74, 5, 43, 19, 88, 1, 4, 11, 83, 55, 6, 3, 18, 22, 47, 12, 86, 57, 49, 36, 48, 44, 75, 10, 31, 95, 28, 99, 97, 56, 40, 84, 76, 59, 82, 66, 70, 67, 94, 27, 45, 85, 63, 65, 38, 41, 92, 81, 8, 9, 29, 89, 7, 23, 80, 32, 37, 42, 34, 39, 14, 52, 15, 16, 79, 72, 2, 21, 64, 78, 20, 62, 61, 73, 25, 17, 33, 60, 68, 46, 26, 77, 98, 56], [27, 79, 72, 2, 21, 64, 78, 20, 61, 62, 73, 25, 17, 33, 60, 68, 46, 26, 98, 77, 45, 85, 63, 65, 38, 41, 92, 81, 8, 9, 29, 89, 7, 23, 80, 32, 37, 42, 34, 39, 14, 52, 15, 16, 91, 69, 76, 59, 82, 66, 70, 67, 94, 58, 93, 50, 51, 90, 71, 87, 13, 54, 53, 24, 35, 96, 30, 74, 5, 43, 19, 88, 1, 4, 11, 83, 55, 6, 3, 18, 22, 47, 12, 86, 57, 49, 36, 48, 44, 75, 10, 31, 95, 97, 28, 99, 56, 40, 84, 48]]
n: 100, m: 10, runtime: 111.71956157684326, # of solutions: 2, function1: 122.05414297784104, function2: 19.157778077332075, best: [[95, 85, 63, 65, 41, 92, 81, 38, 45, 94, 27, 13, 54, 53, 30, 90, 58, 93, 50, 51, 69, 91, 87, 71, 96, 2, 35, 24, 62, 61, 73, 22, 47, 6, 3, 18, 4, 11, 83, 55, 1, 88, 19, 43, 5, 74, 21, 64, 78, 20, 79, 72, 15, 16, 34, 39, 14, 52, 89, 29, 7, 8, 9, 23, 37, 32, 80, 42, 31, 44, 48, 36, 75, 10, 12, 57, 49, 25, 86, 98, 77, 26, 33, 17, 97, 40, 66, 84, 76, 70, 67, 59, 82, 56, 99, 28, 46, 68, 60, 18, 25, 91, 49, 21, 61, 39, 7, 78], [87, 71, 51, 50, 69, 58, 91, 93, 90, 96, 15, 16, 34, 39, 14, 52, 89, 29, 7, 8, 9, 23, 37, 32, 80, 42, 31, 44, 48, 36, 75, 10, 12, 57, 49, 25, 86, 98, 77, 26, 46, 68, 60, 33, 17, 56, 99, 28, 95, 97, 40, 66, 84, 76, 70, 67, 59, 82, 27, 94, 85, 63, 65, 41, 92, 81, 38, 45, 62, 61, 73, 22, 47, 6, 3, 18, 4, 11, 83, 55, 1, 88, 19, 43, 5, 74, 21, 64, 78, 20, 79, 72, 2, 35, 24, 53, 54, 13, 30, 4, 16, 26, 43, 52, 68, 87, 91, 109]]
n: 100, m: 15, runtime: 115.5453507900238, # of solutions: 3, function1: 131.99338573832046, function2: 20.65620424906987, best: [[87, 71, 69, 93, 90, 96, 54, 53, 13, 24, 35, 30, 58, 50, 51, 91, 16, 15, 39, 34, 14, 52, 29, 89, 7, 8, 9, 81, 92, 41, 27, 94, 45, 85, 65, 63, 38, 59, 76, 82, 84, 40, 66, 70, 95, 97, 28, 99, 78, 26, 46, 98, 77, 56, 20, 62, 61, 73, 25, 86, 49, 57, 12, 47, 22, 6, 4, 11, 55, 83, 3, 18, 1, 88, 19, 43, 74, 5, 64, 21, 2, 72, 79, 67, 23, 32, 37, 42, 80, 31, 44, 48, 75, 10, 36, 60, 68, 33, 17, 6, 11, 15, 24, 41, 58, 73, 81, 84, 101, 105, 109, 111, 113], [4, 11, 55, 83, 3, 18, 1, 88, 19, 2, 72, 58, 50, 51, 91, 69, 93, 90, 96, 87, 71, 54, 53, 13, 24, 35, 30, 43, 74, 5, 21, 64, 20, 78, 26, 46, 68, 60, 17, 33, 98, 77, 56, 99, 28, 95, 97, 31, 44, 48, 75, 10, 36, 57, 49, 86, 25, 73, 61, 62, 12, 47, 22, 6, 79, 67, 16, 15, 39, 34, 14, 52, 29, 89, 7, 8, 9, 81, 92, 41, 38, 63, 65, 85, 45, 94, 27, 59, 76, 82, 84, 40, 66, 70, 23, 32, 80, 42, 37, 12, 56, 20, 16, 15, 34, 90, 92, 88, 1, 78, 60, 61, 30], [73, 61, 62, 25, 86, 49, 57, 12, 47, 22, 6, 4, 11, 55, 83, 3, 18, 1, 88, 19, 21, 64, 20, 78, 26, 46, 68, 60, 33, 17, 98, 77, 56, 99, 28, 97, 95, 76, 82, 84, 40, 66, 70, 67, 45, 94, 27, 59, 65, 63, 38, 41, 81, 92, 85, 91, 69, 93, 90, 58, 50, 51, 16, 15, 39, 34, 14, 52, 29, 89, 7, 8, 9, 23, 32, 80, 42, 37, 31, 44, 48, 36, 75, 10, 2, 72, 79, 13, 54, 53, 24, 35, 96, 87, 71, 43, 74, 5, 30, 17, 23, 37, 40, 46, 62, 73, 83, 85, 88, 93, 95, 102, 120]]
n: 100, m: 20, runtime: 123.28699398040771, # of solutions: 3, function1: 152.77935935587107, function2: 17.069409169493124, best: [[37, 23, 32, 80, 42, 81, 92, 38, 41, 85, 63, 65, 93, 51, 50, 71, 87, 13, 54, 53, 24, 35, 2, 72, 79, 78, 20, 26, 98, 77, 17, 60, 68, 33, 46, 86, 49, 57, 12, 47, 22, 6, 3, 18, 11, 55, 83, 4, 1, 88, 64, 61, 73, 62, 25, 36, 48, 44, 75, 10, 31, 99, 28, 95, 97, 66, 76, 59, 82, 84, 40, 70, 67, 56, 45, 96, 90, 91, 69, 58, 9, 8, 7, 89, 29, 14, 39, 34, 52, 15, 16, 94, 27, 21, 43, 74, 5, 19, 30, 2, 19, 24, 38, 43, 50, 54, 67, 72, 80, 89, 96, 107, 111, 121, 123, 125, 129, 131], [24, 53, 54, 13, 72, 79, 2, 35, 78, 20, 26, 98, 77, 17, 60, 68, 33, 46, 86, 49, 57, 12, 47, 22, 6, 3, 18, 11, 55, 83, 4, 1, 88, 64, 61, 73, 62, 25, 36, 48, 44, 75, 10, 31, 42, 80, 32, 37, 23, 81, 92, 38, 41, 85, 63, 65, 9, 8, 7, 89, 29, 14, 39, 34, 52, 16, 15, 96, 90, 91, 69, 58, 93, 50, 51, 71, 87, 70, 67, 66, 76, 84, 40, 56, 99, 28, 95, 97, 27, 45, 82, 59, 43, 74, 5, 21, 19, 30, 94, 2, 5, 14, 26, 34, 36, 43, 50, 53, 65, 67, 77, 82, 88, 90, 93, 104, 110, 132], [51, 71, 87, 2, 35, 24, 53, 54, 13, 72, 79, 78, 20, 26, 98, 77, 17, 60, 68, 33, 46, 86, 49, 57, 12, 47, 22, 6, 3, 18, 11, 55, 83, 4, 1, 88, 64, 61, 73, 62, 25, 36, 48, 44, 75, 10, 31, 42, 80, 32, 37, 23, 81, 92, 38, 41, 85, 63, 65, 9, 8, 7, 89, 29, 14, 39, 34, 52, 16, 15, 70, 67, 66, 76, 40, 84, 94, 27, 45, 58, 69, 91, 93, 50, 82, 59, 56, 99, 28, 95, 97, 90, 96, 43, 74, 5, 21, 19, 30, 18, 33, 37, 46, 54, 56, 68, 71, 78, 88, 92, 98, 104, 107, 110, 119, 125, 127, 132]]
n: 120, m: 2, runtime: 124.27722930908203, # of solutions: 1, function1: 81.73826810597939, function2: 0.21847350114892805, best: [[27, 94, 45, 115, 114, 102, 79, 72, 13, 53, 54, 103, 35, 24, 2, 64, 78, 20, 61, 62, 73, 25, 49, 57, 86, 17, 119, 46, 60, 68, 33, 26, 77, 98, 100, 95, 28, 97, 108, 99, 56, 67, 70, 59, 82, 76, 66, 104, 101, 84, 40, 85, 65, 92, 81, 41, 38, 110, 63, 112, 8, 9, 7, 29, 89, 34, 39, 14, 52, 16, 15, 93, 50, 51, 69, 91, 111, 58, 107, 106, 90, 71, 109, 87, 96, 30, 43, 74, 5, 21, 19, 117, 88, 1, 83, 55, 11, 4, 18, 3, 6, 47, 22, 12, 113, 118, 116, 75, 36, 48, 44, 10, 31, 23, 37, 32, 80, 105, 42, 84]]
-----
n: 60, m: 2, runtime: 65.91375875473022, # of solutions: 1, function1: 67.5589221106021, function2: 0.07530540136117025, best: [[56, 28, 17, 33, 46, 26, 20, 25, 49, 57, 12, 47, 22, 18, 3, 6, 4, 11, 55, 1, 19, 43, 5, 21, 2, 35, 24, 53, 54, 13, 51, 50, 58, 45, 38, 41, 27, 59, 40, 36, 48, 44, 10, 31, 37, 32, 42, 23, 9, 8, 29, 7, 14, 39, 34, 52, 15, 16, 30, 36]]
n: 60, m: 5, runtime: 68.04601263999939, # of solutions: 1, function1: 93.01551933779382, function2: 10.79095218264564, best: [[39, 34, 14, 52, 8, 9, 29, 7, 23, 37, 32, 42, 31, 10, 44, 48, 36, 49, 57, 12, 47, 22, 6, 3, 18, 11, 4, 1, 55, 25, 17, 28, 56, 40, 59, 27, 45, 26, 33, 46, 20, 21, 5, 43, 2, 35, 53, 54, 24, 13, 58, 50, 51, 41, 38, 15, 16, 30, 19, 12, 17, 31, 50]]
n: 60, m: 10, runtime: 73.82606768608093, # of solutions: 2, function1: 108.25898271948702, function2: 15.456650784245294, best: [[29, 7, 14, 39, 52, 34, 15, 16, 50, 51, 58, 45, 27, 13, 54, 53, 24, 35, 43, 5, 21, 19, 1, 4, 11, 55, 3, 6, 18, 22, 47, 12, 49, 57, 36, 44, 48, 10, 31, 37, 32, 42, 23, 9, 8, 38, 41, 30, 2, 20, 26, 33, 46, 17, 28, 56, 59, 40, 25, 14, 54, 46, 32, 7, 4, 15, 26, 16], [33, 25, 12, 47, 22, 18, 6, 3, 17, 46, 55, 11, 4, 1, 19, 20, 26, 27, 45, 38, 41, 58, 51, 50, 16, 15, 34, 52, 39, 14, 7, 29, 8, 9, 23, 42, 32, 37, 31, 10, 48, 44, 59, 40, 56, 28, 36, 57, 49, 21, 5, 43, 35, 54, 53, 13, 24, 2, 30, 54, 32, 7, 17, 55, 42, 41, 53, 9]]
n: 60, m: 15, runtime: 76.07021522521973, # of solutions: 3, function1: 119.04798413710769, function2: 16.968722257871956, best: [[5, 19, 2, 24, 45, 41, 38, 16, 15, 52, 34, 39, 14, 7, 29, 8, 9, 42, 32, 37, 23, 31, 10, 44, 48, 36, 35, 30, 51, 58, 50, 54, 53, 13, 27, 59, 40, 56, 28, 46, 33, 17, 26, 20, 25, 49, 57, 12, 22, 47, 6, 18, 3, 55, 11, 4, 1, 21, 43, 2, 4, 7, 15, 22, 26, 35, 44, 49, 57, 59, 61, 71, 79], [50, 15, 16, 52, 14, 34, 39, 29, 7, 9, 8, 38, 41, 45, 27, 59, 40, 56, 17, 33, 26, 20, 25, 49, 57, 12, 22, 47, 6, 18, 3, 55, 11, 4, 1, 19, 5, 43, 21, 2, 35, 24, 13, 53, 54, 28, 46, 36, 48, 44, 10, 31, 23, 37, 32, 42, 51, 58, 30, 53, 39, 14, 33, 36, 8, 43, 24, 44, 42, 7, 3, 56, 27], [9, 8, 29, 7, 14, 39, 34, 52, 15, 16, 38, 41, 45, 24, 2, 21, 43, 5, 19, 1, 4, 11, 55, 3, 18, 6, 47, 22, 12, 57, 49, 25, 20, 26, 17, 33, 46, 28, 56, 40, 59, 27, 13, 53, 54, 50, 58, 51, 30, 35, 36, 48, 44, 10, 31, 23, 37, 32, 42, 6, 12, 14, 20, 32, 41, 47, 50, 61, 64, 67, 73, 75, 82]]
n: 60, m: 20, runtime: 79.52156257629395, # of solutions: 2, function1: 121.59513568183579, function2: 16.66930144380349, best: [[24, 35, 45, 58, 50, 51, 54, 13, 27, 59, 40, 56, 28, 17, 46, 55, 11, 4, 1, 18, 3, 6, 22, 47, 12, 57, 49, 53, 41, 38, 9, 23, 37, 42, 32, 31, 10, 48, 44, 36, 33, 20, 26, 25, 21, 2, 43, 5, 19, 30, 15, 16, 34, 39, 14, 52, 7, 29, 8, 6, 8, 11, 16, 27, 35, 40, 45, 50, 52, 63, 65, 67, 73, 77, 80, 83, 86, 91], [42, 32, 37, 23, 9, 8, 29, 31, 10, 48, 44, 36, 55, 11, 4, 1, 3, 18, 6, 22, 47, 12, 57, 49, 25, 46, 26, 33, 17, 20, 13, 54, 53, 24, 35, 27, 59, 40, 56, 28, 41, 38, 50, 51, 58, 52, 34, 39, 14, 7, 45, 16, 15, 30, 19, 5, 43, 2, 21, 6, 12, 14, 25, 30, 32, 44, 50, 53, 56, 59, 63, 67, 70, 79, 82, 84, 86, 91]]
n: 100, m: 2, runtime: 107.62924551963806, # of solutions: 1, function1: 81.39235648845482, function2: 0.4568490619291339, best: [[79, 72, 2, 21, 64, 19, 5, 74, 43, 30, 35, 24, 53, 54, 87, 71, 91, 51, 50, 93, 58, 69, 90, 96, 15, 16, 34, 39, 14, 52, 45, 94, 27, 13, 67, 70, 59, 82, 76, 56, 99, 97, 28, 95, 85, 38, 65, 63, 41, 81, 92, 8, 9, 89, 29, 7, 23, 37, 32, 80, 42, 31, 10, 75, 36, 48, 44, 86, 57, 25, 49, 12, 22, 18, 3, 6, 47, 83, 55, 11, 4, 1, 88, 61, 62, 73, 20, 78, 26, 46, 60, 68, 33, 17, 77, 98, 40, 84, 66, 44]]
n: 100, m: 5, runtime: 107.3291609287262, # of solutions: 1, function1: 99.40920039790039, function2: 7.006673492854308, best: [[63, 65, 85, 92, 81, 53, 13, 35, 24, 2, 72, 79, 27, 94, 45, 59, 82, 76, 66, 84, 40, 56, 99, 95, 97, 77, 98, 28, 36, 48, 44, 75, 10, 31, 23, 37, 32, 80, 42, 9, 8, 89, 29, 7, 39, 34, 14, 52, 15, 16, 51, 50, 93, 58, 90, 71, 87, 91, 69, 41, 38, 67, 70, 26, 46, 60, 68, 33, 17, 86, 49, 57, 12, 47, 22, 6, 18, 3, 1, 88, 4, 11, 55, 83, 25, 62, 73, 61, 20, 78, 64, 21, 74, 5, 43, 19, 30, 96, 54, 25, 39, 63, 90]]
n: 100, m: 10, runtime: 111.33449292182922, # of solutions: 1, function1: 118.0539735403227, function2: 18.485115073733404, best: [[66, 84, 40, 76, 82, 70, 67, 81, 38, 45, 94, 27, 59, 92, 93, 69, 91, 50, 58, 51, 90, 87, 71, 96, 35, 24, 53, 54, 13, 20, 78, 73, 61, 62, 25, 86, 49, 57, 12, 47, 22, 18, 3, 6, 4, 11, 55, 83, 1, 88, 19, 5, 74, 43, 2, 72, 79, 64, 21, 30, 15, 16, 39, 34, 14, 52, 7, 89, 29, 8, 9, 23, 37, 32, 80, 42, 31, 44, 36, 75, 10, 48, 17, 33, 68, 60, 46, 26, 98, 77, 56, 28, 99, 95, 97, 63, 65, 41, 85, 16, 19, 29, 35, 55, 60, 70, 88, 92]]
n: 100, m: 15, runtime: 115.44568181037903, # of solutions: 1, function1: 127.22194098123865, function2: 18.584490268811358, best: [[64, 21, 74, 5, 43, 30, 69, 91, 93, 58, 45, 94, 27, 76, 66, 84, 40, 70, 67, 59, 82, 56, 95, 28, 97, 99, 98, 77, 26, 46, 60, 62, 61, 73, 25, 86, 49, 57, 12, 47, 22, 3, 18, 6, 55, 83, 11, 4, 1, 88, 19, 79, 72, 2, 96, 35, 24, 54, 53, 13, 85, 87, 71, 90, 50, 51, 16, 15, 52, 14, 39, 34, 7, 89, 29, 8, 9, 23, 42, 80, 32, 37, 31, 10, 75, 44, 48, 36, 17, 33, 68, 20, 78, 81, 92, 65, 63, 38, 41, 13, 15, 18, 36, 50, 60, 72, 76, 87, 101, 108, 110, 119, 121]]
n: 100, m: 20, runtime: 119.35682439804077, # of solutions: 1, function1: 149.46671592249126, function2: 17.632062042967174, best: [[9, 23, 37, 32, 80, 42, 7, 89, 29, 81, 92, 38, 65, 41, 16, 15, 52, 14, 34, 39, 8, 45, 27, 94, 84, 66, 76, 59, 82, 79, 72, 2, 64, 78, 20, 77, 98, 56, 95, 28, 97, 85, 63, 70, 67, 40, 13, 87, 71, 91, 69, 58, 50, 51, 93, 90, 53, 54, 35, 24, 96, 30, 43, 5, 74, 21, 19, 1, 88, 4, 11, 55, 83, 6, 3, 18, 12, 49, 57, 86, 60, 68, 33, 46, 26, 44, 48, 36, 75, 10, 31, 99, 25, 73, 62, 61, 22, 47, 17, 13, 23, 29, 49, 63, 68, 73, 84, 89, 94, 102, 104, 108, 113, 116, 118, 120, 123, 132]]
n: 120, m: 2, runtime: 125.60610127449036, # of solutions: 5, function1: 89.13368549274286, function2: 0.7866194638332544, best: [[59, 82, 40, 76, 84, 66, 101, 104, 70, 67, 27, 94, 45, 114, 115, 85, 56, 100, 28, 95, 97, 99, 108, 98, 77, 119, 17, 33, 68, 60, 46, 20, 78, 21, 5, 74, 43, 30, 65, 63, 110, 38, 41, 92, 81, 112, 8, 9, 7, 29, 89, 39, 34, 14, 52, 16, 15, 96, 106, 107, 90, 51, 50, 93, 58, 69, 91, 111, 71, 109, 87, 13, 54, 53, 103, 24, 35, 2, 79, 72, 102, 26, 64, 19, 117, 88, 1, 4, 55, 83, 11, 6, 3, 18, 47, 22, 12, 62, 61, 73, 25, 57, 49, 86, 36, 48, 44, 118, 116, 113, 75, 10, 31, 23, 37, 32, 105, 80, 42, 67], [106, 107, 51, 50, 93, 58, 69, 91, 111, 71, 109, 87, 13, 54, 96, 90, 40, 66, 84, 101, 104, 70, 67, 76, 82, 59, 27, 94, 45, 114, 115, 85, 65, 63, 110, 38, 41, 92, 81, 112, 8, 9, 29, 39, 34, 14, 52, 7, 89, 23, 37, 32, 105, 80, 42, 31, 99, 108, 28, 95, 97, 100, 56, 98, 77, 119, 17, 33, 68, 60, 46, 78, 20, 26, 102, 72, 79, 2, 35, 24, 103, 53, 15, 16, 30, 43, 74, 5, 21, 64, 19, 117, 62, 61, 73, 25, 57, 49, 86, 36, 48, 44, 118, 116, 113, 75, 10, 12, 22, 47, 18, 3, 6, 11, 83, 55, 4, 1, 88, 80], [96, 90, 107, 106, 51, 15, 16, 30, 43, 74, 5, 21, 78, 20, 46, 60, 68, 33, 17, 119, 77, 98, 56, 100, 97, 95, 28, 31, 42, 80, 105, 32, 37, 23, 89, 7, 52, 14, 34, 39, 29, 9, 8, 112, 81, 92, 41, 38, 110, 63, 65, 85, 115, 114, 45, 94, 27, 59, 82, 104, 101, 66, 84, 10, 75, 113, 116, 118, 44, 48, 36, 86, 49, 57, 25, 73, 61, 62, 12, 22, 47, 18, 3, 6, 11, 83, 55, 4, 1, 88, 117, 19, 64, 26, 102, 72, 79, 2, 35, 24, 103, 53, 54, 13, 87, 109, 71, 111, 91, 69, 58, 93, 50, 76, 40, 67, 70, 99, 108, 54], [26, 102, 72, 79, 2, 35, 24, 103, 53, 54, 13, 30, 43, 74, 5, 21, 64, 19, 117, 88, 1, 4, 55, 83, 11, 6, 3, 18, 47, 22, 12, 62, 61, 73, 25, 57, 49, 86, 36, 48, 44, 118, 116, 113, 75, 10, 66, 84, 101, 104, 76, 82, 59, 40, 70, 67, 98, 77, 119, 17, 33, 68, 60, 46, 20, 78, 87, 109, 71, 111, 91, 69, 58, 93, 50, 51, 90, 107, 106, 96, 15, 16, 52, 14, 34, 39, 89, 29, 7, 9, 8, 112, 81, 92, 41, 38, 110, 63, 65, 85, 115, 114, 45, 94, 27, 23, 37, 32, 105, 80, 42, 31, 100, 28, 95, 97, 99, 108, 56, 53], [68, 60, 46, 20, 78, 26, 102, 72, 79, 2, 24, 35, 103, 53, 54, 13, 87, 109, 71, 111, 91, 69, 58, 93, 50, 51, 90, 107, 106, 96, 15, 16, 52, 14, 34, 39, 29, 7, 89, 9, 8, 112, 81, 92, 41, 38, 110, 63, 65, 85, 115, 114, 70, 67, 56, 100, 97, 45, 94, 27, 59, 82, 76, 95, 28, 108, 99, 98, 77, 119, 17, 33, 104, 101, 84, 66, 40, 31, 23, 37, 32, 105, 80, 42, 10, 75, 113, 116, 118, 44, 48, 36, 86, 49, 57, 25, 73, 61, 62, 12, 22, 47, 18, 3, 6, 11, 83, 55, 4, 1, 88, 117, 19, 30, 43, 74, 5, 21, 64, 75]]
n: 120, m: 5, runtime: 127.85722064971924, # of solutions: 1, function1: 97.07994880849196, function2: 9.130115428962096, best: [[107, 106, 13, 54, 53, 103, 24, 35, 2, 5, 74, 43, 30, 96, 109, 87, 71, 111, 91, 69, 58, 93, 51, 50, 90, 16, 15, 39, 34, 14, 52, 59, 82, 76, 101, 104, 84, 66, 70, 67, 40, 56, 99, 108, 95, 28, 97, 100, 98, 77, 17, 119, 33, 68, 60, 46, 26, 20, 78, 62, 61, 73, 25, 86, 49, 57, 12, 47, 22, 6, 3, 18, 4, 11, 55, 83, 1, 88, 117, 19, 21, 64, 72, 79, 102, 27, 94, 45, 115, 114, 85, 65, 63, 110, 38, 41, 92, 81, 112, 8, 9, 29, 7, 89, 23, 37, 32, 42, 80, 105, 31, 48, 44, 36, 113, 118, 116, 75, 10, 67, 40, 12, 90]]
n: 120, m: 10, runtime: 135.57822394371033, # of solutions: 2, function1: 115.5220848083134, function2: 18.496709624207632, best: [[79, 102, 94, 27, 59, 82, 76, 101, 104, 84, 66, 40, 70, 93, 58, 69, 91, 111, 90, 16, 15, 52, 34, 39, 14, 7, 89, 29, 9, 8, 112, 81, 92, 41, 110, 38, 65, 63, 85, 42, 32, 80, 105, 23, 37, 31, 10, 44, 48, 36, 113, 118, 116, 75, 12, 47, 22, 6, 18, 3, 83, 55, 11, 4, 1, 88, 19, 117, 21, 64, 78, 20, 62, 61, 73, 25, 49, 57, 86, 17, 119, 33, 60, 68, 46, 26, 98, 77, 99, 97, 108, 100, 95, 28, 56, 45, 114, 115, 67, 51, 50, 107, 106, 71, 87, 109, 13, 24, 35, 54, 53, 103, 2, 74, 5, 43, 30, 72, 96, 4, 17, 39, 54, 72, 88, 103, 115, 118], [5, 43, 30, 27, 94, 102, 79, 72, 59, 82, 76, 101, 104, 84, 66, 40, 70, 67, 114, 115, 45, 56, 28, 95, 100, 108, 97, 99, 77, 98, 26, 46, 68, 60, 33, 119, 17, 86, 57, 49, 25, 73, 61, 62, 20, 78, 64, 21, 117, 19, 88, 1, 4, 11, 55, 83, 3, 18, 6, 22, 47, 12, 75, 116, 118, 113, 36, 48, 44, 10, 31, 37, 23, 105, 80, 32, 42, 85, 63, 65, 38, 110, 41, 92, 81, 112, 8, 9, 29, 89, 7, 14, 39, 34, 52, 15, 16, 90, 91, 111, 69, 58, 93, 51, 50, 107, 106, 71, 87, 109, 13, 24, 35, 54, 53, 103, 2, 74, 96, 6, 33, 50, 66, 77, 99, 112, 122, 131]]
n: 120, m: 15, runtime: 136.1486144065857, # of solutions: 3, function1: 140.1396844015604, function2: 18.059745327409775, best: [[51, 50, 107, 106, 15, 16, 34, 39, 14, 52, 41, 38, 110, 65, 63, 85, 92, 81, 112, 8, 9, 29, 89, 7, 23, 80, 105, 32, 37, 42, 31, 44, 48, 36, 118, 113, 116, 75, 10, 100, 28, 95, 97, 108, 99, 56, 104, 101, 84, 66, 76, 82, 90, 87, 71, 109, 54, 13, 72, 2, 64, 21, 74, 5, 43, 19, 117, 88, 1, 4, 11, 55, 83, 6, 3, 18, 22, 47, 12, 57, 49, 86, 25, 61, 62, 73, 20, 78, 60, 33, 17, 119, 68, 46, 26, 77, 98, 102, 79, 27, 94, 45, 114, 115, 40, 67, 70, 59, 96, 30, 35, 24, 103, 53, 111, 91, 69, 58, 93, 2, 13, 18, 29, 33, 50, 57, 67, 80, 104, 109, 121, 124, 137], [114, 115, 67, 66, 84, 76, 104, 101, 82, 59, 70, 16, 15, 34, 39, 14, 52, 96, 30, 90, 81, 28, 95, 10, 75, 116, 113, 118, 36, 48, 44, 56, 97, 108, 99, 100, 31, 42, 37, 32, 105, 80, 23, 7, 89, 29, 9, 8, 112, 92, 110, 38, 41, 65, 63, 85, 40, 106, 107, 50, 51, 93, 58, 69, 91, 111, 87, 109, 71, 13, 54, 53, 103, 24, 35, 2, 72, 64, 21, 74, 5, 43, 19, 117, 88, 1, 4, 11, 55, 83, 6, 3, 18, 22, 47, 12, 57, 49, 86, 25, 61, 62, 73, 20, 78, 60, 33, 17, 119, 68, 46, 26, 77, 98, 102, 79, 27, 94, 45, 11, 18, 23, 31, 36, 55, 76, 87, 98, 109, 114, 125, 128, 142], [94, 27, 102, 79, 98, 77, 26, 46, 68, 119, 17, 33, 60, 78, 20, 73, 62, 61, 25, 86, 49, 57, 12, 47, 22, 18, 3, 6, 83, 55, 11, 4, 1, 88, 117, 19, 43, 5, 74, 21, 64, 2, 72, 24, 35, 103, 53, 54, 13, 109, 71, 87, 90, 96, 30, 111, 91, 69, 58, 93, 51, 50, 107, 106, 15, 16, 34, 39, 14, 52, 41, 38, 110, 65, 63, 85, 92, 81, 112, 8, 9, 29, 89, 7, 23, 80, 105, 32, 37, 42, 31, 44, 48, 36, 118, 113, 116, 75, 10, 100, 28, 95, 97, 108, 99, 56, 104, 101, 84, 66, 76, 82, 59, 70, 67, 40, 115, 114, 45, 9, 17, 36, 38, 42, 44, 49, 52, 55, 60, 83, 100, 103, 117]]
n: 120, m: 20, runtime: 139.88042163848877, # of solutions: 1, function1: 144.91454123227254, function2: 17.89203176569955, best: [[32, 80, 105, 42, 31, 10, 116, 75, 113, 118, 36, 44, 48, 12, 57, 49, 25, 86, 46, 68, 60, 33, 119, 17, 77, 98, 82, 59, 67, 70, 66, 84, 40, 104, 101, 76, 45, 94, 27, 102, 79, 72, 2, 64, 21, 5, 74, 43, 19, 117, 88, 1, 4, 11, 55, 83, 18, 3, 6, 47, 22, 73, 62, 61, 78, 20, 26, 56, 28, 95, 100, 97, 108, 99, 114, 115, 85, 65, 63, 38, 110, 41, 92, 81, 112, 8, 29, 89, 7, 9, 23, 37, 24, 35, 103, 54, 53, 96, 90, 16, 15, 39, 34, 14, 52, 107, 106, 93, 51, 50, 69, 58, 91, 111, 87, 109, 71, 13, 30, 8, 15, 31, 39, 50, 62, 67, 78, 82, 93, 110, 112, 118, 121, 123, 125, 130, 146, 152]]
n: 10, m: 2, runtime: 15.892029047012329, # of solutions: 18, function1: 29.255517170964087, function2: 1.121834908216293, best: [[6, 3, 4, 1, 5, 2, 8, 9, 7, 5], [6, 3, 4, 1, 5, 2, 8, 9, 7, 5], [6, 3, 4, 1, 5, 2, 8, 9, 7, 5], [5, 1, 4, 3, 6, 7, 9, 8, 2, 5], [6, 3, 4, 1, 5, 2, 8, 9, 7, 5], [5, 1, 4, 3, 6, 7, 9, 8, 2, 5], [6, 3, 4, 1, 5, 2, 8, 9, 7, 5], [6, 3, 4, 1, 5, 2, 8, 9, 7, 5], [6, 3, 4, 1, 5, 2, 8, 9, 7, 5], [6, 3, 4, 1, 5, 2, 8, 9, 7, 5], [6, 3, 4, 1, 5, 2, 8, 9, 7, 5], [6, 3, 4, 1, 5, 2, 8, 9, 7, 5], [6, 3, 4, 1, 5, 2, 8, 9, 7, 5], [6, 3, 4, 1, 5, 2, 8, 9, 7, 5], [5, 1, 4, 3, 6, 2, 8, 9, 7, 5], [6, 3, 4, 1, 5, 2, 8, 9, 7, 5], [6, 3, 4, 1, 5, 2, 8, 9, 7, 5], [6, 3, 4, 1, 5, 2, 8, 9, 7, 5]]
n: 10, m: 3, runtime: 16.669998168945312, # of solutions: 17, function1: 36.919399625208094, function2: 2.3634538110771075, best: [[4, 1, 6, 3, 5, 2, 8, 9, 7, 2, 6], [2, 5, 3, 6, 4, 1, 8, 9, 7, 6, 3], [4, 1, 6, 3, 5, 2, 8, 9, 7, 6, 1], [4, 1, 6, 3, 5, 2, 8, 9, 7, 2, 6], [4, 1, 6, 3, 5, 2, 8, 9, 7, 2, 6], [2, 5, 3, 6, 4, 1, 8, 9, 7, 6, 3], [4, 1, 2, 5, 3, 6, 8, 9, 7, 2, 6], [2, 5, 3, 6, 4, 1, 8, 9, 7, 4, 6], [4, 1, 6, 3, 5, 2, 8, 9, 7, 2, 6], [1, 4, 2, 5, 3, 6, 8, 9, 7, 2, 6], [4, 1, 8, 9, 7, 2, 5, 3, 6, 5, 1], [6, 3, 5, 2, 8, 9, 7, 4, 1, 4, 7], [2, 5, 3, 6, 4, 1, 8, 9, 7, 6, 3], [1, 4, 6, 3, 5, 2, 8, 9, 7, 2, 6], [4, 1, 6, 3, 5, 2, 8, 9, 7, 2, 6], [4, 1, 8, 9, 7, 2, 5, 3, 6, 2, 5], [2, 5, 3, 6, 8, 9, 7, 4, 1, 4, 7]]
n: 10, m: 4, runtime: 17.725038051605225, # of solutions: 9, function1: 29.879260384248017, function2: 13.566328398780698, best: [[9, 7, 8, 2, 5, 1, 4, 3, 6, 3, 5, 10], [9, 7, 8, 2, 5, 1, 4, 3, 6, 5, 2, 4], [1, 4, 3, 6, 9, 7, 8, 5, 2, 4, 3, 7], [2, 5, 1, 4, 3, 6, 8, 7, 9, 2, 6, 10], [9, 7, 8, 2, 5, 1, 4, 3, 6, 3, 5, 10], [1, 4, 3, 6, 9, 7, 8, 2, 5, 7, 6, 2], [1, 4, 3, 6, 2, 5, 9, 7, 8, 4, 6, 5], [8, 7, 9, 2, 5, 1, 4, 3, 6, 5, 4, 1], [8, 7, 9, 2, 5, 1, 4, 3, 6, 3, 5, 9]]
n: 20, m: 3, runtime: 26.451085329055786, # of solutions: 2, function1: 48.87238727659698, function2: 1.024805422967841, best: [[13, 2, 5, 19, 1, 4, 11, 3, 18, 6, 12, 17, 10, 9, 8, 7, 14, 15, 16, 10, 13], [13, 2, 5, 19, 1, 4, 11, 3, 18, 6, 12, 17, 10, 9, 8, 7, 14, 15, 16, 10, 13]]
n: 20, m: 3, runtime: 26.613332509994507, # of solutions: 1, function1: 47.95686377365543, function2: 0.8181808552291692, best: [[8, 9, 7, 14, 15, 16, 13, 2, 5, 19, 1, 4, 11, 3, 18, 6, 12, 10, 17, 6, 15]]
n: 20, m: 3, runtime: 29.906286478042603, # of solutions: 1, function1: 49.012513031895914, function2: 0.17888549919123164, best: [[9, 8, 7, 14, 15, 16, 17, 10, 12, 18, 6, 3, 11, 4, 1, 19, 5, 2, 13, 6, 12]]
n: 20, m: 3, runtime: 47.361374378204346, # of solutions: 1, function1: 48.7123011610267, function2: 1.024805422967841, best: [[8, 9, 7, 14, 15, 16, 13, 2, 5, 19, 1, 4, 11, 3, 18, 6, 12, 17, 10, 16, 5]]
n: 20, m: 3, runtime: 70.1261088848114, # of solutions: 1, function1: 48.3238950508614, function2: 0.6215310996534029, best: [[4, 11, 1, 19, 5, 2, 13, 17, 10, 12, 6, 3, 18, 8, 9, 7, 14, 15, 16, 7, 13]]
n: 20, m: 3, runtime: 100.4074079990387, # of solutions: 1, function1: 48.84040873196107, function2: 0.992826878331929, best: [[18, 3, 6, 11, 4, 1, 19, 5, 2, 13, 12, 17, 10, 9, 8, 7, 14, 15, 16, 13, 9]]
